condition,classifier,rep,Accuracy,Precision,Recall,F1 Score,MCC
ACW_motif,snv1pred,10,0.5315,0.6217725443503339,0.5315,0.42492034348887997,0.12386823881908574
