condition,classifier,rep,Accuracy,Precision,Recall,F1 Score,MCC
ACW_non_motif,snv1pred,3,0.689,0.6924557351809084,0.6890000000000001,0.6875976257419556,0.38144008152889064
