condition,classifier,rep,Accuracy,Precision,Recall,F1 Score,MCC
ACW_non_motif,sv1pred,7,0.6575,0.6959562103188675,0.6575,0.6398292106922877,0.35135795494180355
