condition,classifier,rep,Accuracy,Precision,Recall,F1 Score,MCC
ACW_non_motif,snv1pred,6,0.689,0.6937142294888404,0.6890000000000001,0.6870962938517944,0.3826851937213711
