condition,classifier,rep,Accuracy,Precision,Recall,F1 Score,MCC
ACW_non_motif,sv1pred,9,0.6495,0.6889651912213977,0.6495,0.6301914642809004,0.33615648788978597
