condition,classifier,rep,Accuracy,Precision,Recall,F1 Score,MCC
ACW_non_motif,sv1pred,8,0.654,0.6971891581815575,0.654,0.6339569465661776,0.34852334418204955
