condition,classifier,rep,Accuracy,Precision,Recall,F1 Score,MCC
ACW_non_motif,snv1pred,4,0.691,0.696684172587787,0.6910000000000001,0.6887512276195513,0.3876425000655492
