condition,classifier,rep,Accuracy,Precision,Recall,F1 Score,MCC
ACW_non_motif,snv1pred,2,0.695,0.7002555054859738,0.6950000000000001,0.6929856790401827,0.39522056408929385
