condition,classifier,rep,Accuracy,Precision,Recall,F1 Score,MCC
ACW_motif,sv1pred,2,0.523,0.7454747267759563,0.523,0.3832619623906163,0.15027865737817855
