condition,classifier,Accuracy_mean,Accuracy_std,Precision_mean,Precision_std,Recall_mean,Recall_std,F1Score_mean,F1Score_std,MCC_mean,MCC_std
ACW_motif,ACWpred,0.5,0.0,0.25,0.0,0.5,0.0,0.3333333333333333,0.0,0.0,0.0
ACW_motif,WCWpred,0.5,0.0,0.25,0.0,0.5,0.0,0.3333333333333333,0.0,0.0,0.0
ACW_motif,snv1pred,0.52505,0.0035312100538546923,0.5939704045044442,0.01573680271272387,0.52505,0.0035312100538546923,0.4186097209679053,0.004409409016305062,0.09700526603954718,0.014807720273696107
ACW_motif,sv1pred,0.5242,0.002679137506321319,0.7272582557650229,0.012777628189920993,0.5242,0.002679137506321319,0.38734650409831434,0.00538743471592413,0.14814280199839908,0.010476518403319089
ACW_non_motif,ACWpred,0.5,0.0,0.25,0.0,0.5,0.0,0.3333333333333333,0.0,0.0,0.0
ACW_non_motif,WCWpred,0.6386499999999999,0.007842370673321799,0.6750463529106898,0.010718992011926425,0.6386499999999999,0.007842370673321785,0.6188642514440278,0.008407777699480255,0.3115622415013692,0.018055123192556175
ACW_non_motif,snv1pred,0.694,0.004988876515698626,0.6992377294092578,0.006660850101329862,0.6940000000000001,0.004988876515698573,0.6919996816079362,0.004553566257859316,0.39319851973473663,0.011553240018088443
ACW_non_motif,sv1pred,0.66365,0.015127329939917103,0.7043345046453848,0.015217657302596041,0.66365,0.015127329939917066,0.6458801327327618,0.01746131452220778,0.36570329266600154,0.030387480499024483
